Channel ID,URL,Post ID,date,message,out,mentioned,media_unread,silent,post,from_scheduled,legacy,edit_hide,pinned,noforwards,peer_channel,from_id_user,fwd_from,via_bot_id,reply_to_msg_id,reply_to_scheduled,forum_topic,media_photo_id,reply_markup,views,forwards,replies,edit_date,post_author,grouped_id,reactions,restriction_reason,ttl_period
freecombolistdaily,https://t.me/freecombolistdaily,3087,2024-03-20 18:31:15,"âœ¨ PRIVATE COMBO CLOUD âœ¨


PRICE

10$ - 3 Days
30$ - 2 Week
50$ - 1 Month
100$ - 1 Year
200$ - Lifetime


WE OFFER YOU

â™¦ï¸ Upload Everyday 
â™¦ï¸ Priority Members 
â™¦ï¸ No Duplicate Line
â™¦ï¸ Fresh Combolist
â™¦ï¸ Private Combolist
â™¦ï¸ Big Combo Everyday

Payment : CRYPTO


@paulofrank21",False,False,False,False,True,False,False,False,False,False,1716787216,,"{'_': 'MessageFwdHeader', 'date': '2024-03-20T18:31:13+00:00', 'imported': False, 'saved_out': False, 'from_id': {'_': 'PeerChannel', 'channel_id': 1736488447}, 'from_name': None, 'channel_post': 5368, 'post_author': None, 'saved_from_peer': None, 'saved_from_msg_id': None, 'saved_from_id': None, 'saved_from_name': None, 'saved_date': None, 'psa_type': None}",,,,,6.330025468199289e+18,,2.0,0.0,,,,1.3687675805904412e+16,,[],
usnhub,https://t.me/usnhub,2463,2024-03-03 00:16:32,ada @caabe,False,False,False,False,True,False,False,True,False,False,1762746795,,,,,,,,,21.0,0.0,"{'_': 'MessageReplies', 'replies': 0, 'replies_pts': 15336, 'comments': True, 'recent_repliers': [], 'channel_id': 1906509669, 'max_id': None, 'read_max_id': None}",2024-03-03T00:16:36+00:00,,,,[],
trickadsagency,https://t.me/trickadsagency,1555,2024-02-24 13:36:08,"<DATE_TIME> we tech how to create tiktok threshold with cards or PayPal so donâ€™t miss. 

You get benefit life time private channels membership.


You want join private channels nock me: @fbadspro11",False,False,False,False,True,False,False,True,False,False,1882829410,,"{'_': 'MessageFwdHeader', 'date': '2024-02-24T13:35:37+00:00', 'imported': False, 'saved_out': False, 'from_id': {'_': 'PeerChannel', 'channel_id': 1621110337}, 'from_name': None, 'channel_post': 783, 'post_author': None, 'saved_from_peer': None, 'saved_from_msg_id': None, 'saved_from_id': None, 'saved_from_name': None, 'saved_date': None, 'psa_type': None}",,,,,,,446.0,0.0,,2024-02-24T19:16:32+00:00,,,"{'_': 'MessageReactions', 'results': [{'_': 'ReactionCount', 'reaction': {'_': 'ReactionEmoji', 'emoticon': 'â¤'}, 'count': 1, 'chosen_order': None}], 'min': False, 'can_see_list': False, 'reactions_as_tags': False, 'recent_reactions': []}",[],
agedacct,https://t.me/agedacct,3374,2024-02-18 15:07:32,"Crypto/NFT Twitter Account with 10k Followers

Are you looking for a top-notch Crypto/NFT related Twitter account that boasts an impressive 10,000 followers? Look no further because we have just what you need.

Not only is thisâ€¦",False,False,False,False,True,False,False,False,False,False,1291685951,,,,,,,5.949782929628577e+18,"{'_': 'ReplyInlineMarkup', 'rows': [{'_': 'KeyboardButtonRow', 'buttons': [{'_': 'KeyboardButtonUrl', 'text': 'ğŸ”— View Product', 'url': 'https://buysocia.com/product/crypto-nft-twitter-account-with-10k-followers/'}]}]}",167.0,1.0,,,,,,[],
usnhub,https://t.me/usnhub,2968,2024-03-15 05:48:49,<PERSON>,False,False,False,False,True,False,False,True,False,False,1762746795,,,,,,,,,101.0,0.0,"{'_': 'MessageReplies', 'replies': 0, 'replies_pts': 17701, 'comments': True, 'recent_repliers': [], 'channel_id': 1906509669, 'max_id': None, 'read_max_id': None}",2024-03-15T05:48:52+00:00,,,,[],
mail_access_private,https://t.me/mail_access_private,492,2024-03-16 06:52:51,"2,000 subscribers

thank you all very muchâ¤ï¸",False,False,False,False,True,False,False,True,False,False,1994848622,,,,,,,,,1723.0,1.0,,2024-03-16T06:56:46+00:00,,,"{'_': 'MessageReactions', 'results': [{'_': 'ReactionCount', 'reaction': {'_': 'ReactionEmoji', 'emoticon': 'â¤'}, 'count': 18, 'chosen_order': None}, {'_': 'ReactionCount', 'reaction': {'_': 'ReactionEmoji', 'emoticon': 'ğŸ¤©'}, 'count': 1, 'chosen_order': None}], 'min': False, 'can_see_list': False, 'reactions_as_tags': False, 'recent_reactions': []}",[],
adsbinfree,https://t.me/adsbinfree,738,2024-02-09 05:46:22,I see voting... All members need <DATE_TIME> Instagram threshold class. So ready for <DATE_TIME> am tech threshold class 4$ dollars itâ€™s sample Method. <NRP>,False,False,False,False,True,False,False,True,False,False,1621110337,,,,,,,,,707.0,0.0,,2024-02-09T05:47:03+00:00,,,"{'_': 'MessageReactions', 'results': [{'_': 'ReactionCount', 'reaction': {'_': 'ReactionEmoji', 'emoticon': 'ğŸ‘'}, 'count': 3, 'chosen_order': None}], 'min': False, 'can_see_list': False, 'reactions_as_tags': False, 'recent_reactions': []}",[],
usnhub,https://t.me/usnhub,2551,2024-03-04 05:34:18,<PERSON> nder <PERSON>,False,False,False,False,True,False,False,True,False,False,1762746795,,,,2337.0,False,False,,,63.0,0.0,"{'_': 'MessageReplies', 'replies': 0, 'replies_pts': 15666, 'comments': True, 'recent_repliers': [], 'channel_id': 1906509669, 'max_id': None, 'read_max_id': None}",2024-03-04T05:34:21+00:00,,,,[],
mystorypolls,https://t.me/mystorypolls,17388,2024-02-05 07:06:46,Icecream Polls ğŸ¦,False,False,False,True,True,False,False,False,False,False,1344163371,,,,,,,6.197219745057586e+18,,307.0,0.0,,,B,1.365693445204022e+16,,[],
nxxvo,https://t.me/nxxvo,2594,2024-02-13 08:32:43,"VERIFIED TIKTOK ACCOUNTS âœ…
Phone Changeable 
Email Changeable 
Inactive <DATE_TIME>
No Ex
Safe

â­ï¸inactive <DATE_TIME>
â­ï¸2.4M Followers 

âœˆï¸@warmer",False,False,False,False,True,False,False,False,False,False,1722074717,,,,,,,5.93386024032179e+18,,79.0,0.0,,,ZLMA l ACTIVE,,,[],
mystorypolls,https://t.me/mystorypolls,17352,2024-01-21 18:13:41,Eat / No ???,False,False,False,True,True,False,False,False,False,False,1344163371,,,,,,,6.156759439437314e+18,,316.0,0.0,,,B,1.36468865716437e+16,,[],
mail_access_private,https://t.me/mail_access_private,375,2024-01-24 05:46:30,"<DATE_TIME> test access 15$
<DATE_TIME> 35$
<DATE_TIME> 100$
@sasss_ka",False,False,False,False,True,False,False,True,False,False,1994848622,,,,,,,,,1120.0,14.0,,2024-01-24T06:38:26+00:00,,,"{'_': 'MessageReactions', 'results': [{'_': 'ReactionCount', 'reaction': {'_': 'ReactionEmoji', 'emoticon': 'â¤'}, 'count': 3, 'chosen_order': None}, {'_': 'ReactionCount', 'reaction': {'_': 'ReactionEmoji', 'emoticon': 'ğŸ”¥'}, 'count': 1, 'chosen_order': None}], 'min': False, 'can_see_list': False, 'reactions_as_tags': False, 'recent_reactions': []}",[],
usnhub,https://t.me/usnhub,2297,2024-02-26 08:23:22,<PERSON>,False,False,False,False,True,False,False,True,False,False,1762746795,,,,2296.0,False,False,,,41.0,0.0,"{'_': 'MessageReplies', 'replies': 0, 'replies_pts': 14509, 'comments': True, 'recent_repliers': [], 'channel_id': 1906509669, 'max_id': None, 'read_max_id': None}",2024-02-26T08:23:25+00:00,,,,[],
hxtlistservices,https://t.me/hxtlistservices,1529,2024-01-20 22:26:27,$25 One,False,False,False,False,True,False,False,False,False,False,1689097401,,,,,,,5.010661147510156e+18,,300.0,1.0,"{'_': 'MessageReplies', 'replies': 0, 'replies_pts': 15996, 'comments': True, 'recent_repliers': [], 'channel_id': 1145739994, 'max_id': None, 'read_max_id': None}",2024-01-24T06:05:44+00:00,Ğ½Î¹Ñ‚â„“Î¹Ñ•Ñ‚ / Ù‚Ø§Ø¦Ù…Ø© Ø§Ù„Ø§ØºØªÙŠØ§Ù„Ø§Øª Active ( MM ),,"{'_': 'MessageReactions', 'results': [{'_': 'ReactionCount', 'reaction': {'_': 'ReactionEmoji', 'emoticon': 'ğŸ”¥'}, 'count': 1, 'chosen_order': None}], 'min': False, 'can_see_list': False, 'reactions_as_tags': False, 'recent_reactions': []}",[],
cheapsmmmarketer,https://t.me/cheapsmmmarketer,615,2024-01-23 17:36:27,"Dear Users,
We are here to provide you with cheap and best high-quality services

Note - Before placing an order contact us on our WhatsApp 
We recommend the Best Seller packages of All services 

https://wa.me/<PHONE_NUMBER>

Stay connected with usâ¤ï¸
Lots of love
Cheapsmmmarket.com",False,False,False,False,True,False,False,True,False,False,1641701890,,,,,,,,,743.0,0.0,,2024-02-07T14:58:07+00:00,,,"{'_': 'MessageReactions', 'results': [{'_': 'ReactionCount', 'reaction': {'_': 'ReactionEmoji', 'emoticon': 'ğŸ‘'}, 'count': 1, 'chosen_order': None}], 'min': False, 'can_see_list': False, 'reactions_as_tags': False, 'recent_reactions': []}",[],
usnhub,https://t.me/usnhub,2474,2024-03-03 02:46:53,<NRP> hari <PERSON> ğŸ˜Š,False,False,False,False,True,False,False,True,False,False,1762746795,,,,924.0,False,False,,,24.0,0.0,"{'_': 'MessageReplies', 'replies': 0, 'replies_pts': 15370, 'comments': True, 'recent_repliers': [], 'channel_id': 1906509669, 'max_id': None, 'read_max_id': None}",2024-03-03T02:46:57+00:00,,,,[],
usnhub,https://t.me/usnhub,2906,2024-03-13 04:25:49,@pejuh enak,False,False,False,False,True,False,False,True,False,False,1762746795,,,,,,,,,61.0,0.0,"{'_': 'MessageReplies', 'replies': 0, 'replies_pts': 17434, 'comments': True, 'recent_repliers': [], 'channel_id': 1906509669, 'max_id': None, 'read_max_id': None}",2024-03-13T04:25:52+00:00,,,,[],
cheapsmmmarketer,https://t.me/cheapsmmmarketer,668,2024-03-07 07:02:51,"Dear Users,
Try this package
Its working perfectly order completing on time 
Regards 
Cheapsmmmarket.com",False,False,False,False,True,False,False,False,False,False,1641701890,,,,,,,6.289379954999279e+18,,21.0,0.0,,,,,,[],
mail_access_private,https://t.me/mail_access_private,406,2024-02-03 19:24:37,"Thank you all, friends 

There are only <DATE_TIME> places in private channel, price is relevant <DATE_TIME>, in <DATE_TIME> I will raise prices.

Price Private Channel :
<DATE_TIME>$
<DATE_TIME>$

@sasss_ka",False,False,False,False,True,False,False,True,False,False,1994848622,,,,402.0,False,False,,,1218.0,1.0,,2024-02-06T08:20:47+00:00,,,"{'_': 'MessageReactions', 'results': [{'_': 'ReactionCount', 'reaction': {'_': 'ReactionEmoji', 'emoticon': 'â¤'}, 'count': 5, 'chosen_order': None}], 'min': False, 'can_see_list': False, 'reactions_as_tags': False, 'recent_reactions': []}",[],
freecombolistdaily,https://t.me/freecombolistdaily,2911,2024-02-17 22:34:54,"â™¦ï¸ 18GB GMAIL Combolist â™¦ï¸

$180

hurry up!

only one copy!

@paulofrank21",False,False,False,False,True,False,False,False,False,False,1716787216,,"{'_': 'MessageFwdHeader', 'date': '2024-02-17T22:34:29+00:00', 'imported': False, 'saved_out': False, 'from_id': {'_': 'PeerChannel', 'channel_id': 1736488447}, 'from_name': None, 'channel_post': 5127, 'post_author': None, 'saved_from_peer': None, 'saved_from_msg_id': None, 'saved_from_id': None, 'saved_from_name': None, 'saved_date': None, 'psa_type': None}",,,,,,,44.0,0.0,,,,,,[],
adsbinfree,https://t.me/adsbinfree,801,2024-02-27 17:36:55,"IBAN METHOD. 

1. You Want Boost Option on A Indonesia Instagram Account. 

2. Go to Ads Payment option. 

3. <PERSON> currency. Look my scanshort. 

4. Generate Iban a Telegram bot: @csk_sellerbot

5.Put iban payments method. 

Congratulated your iban added backup.

Next make default itâ€™s and Runner-up boost and remove itâ€™s ageing. 

Look showed Not Delivery than add ageing iban same as Admanager. And save change your boost. It's done.",False,False,False,False,True,False,False,True,False,False,1621110337,,"{'_': 'MessageFwdHeader', 'date': '2024-02-27T17:31:56+00:00', 'imported': False, 'saved_out': False, 'from_id': {'_': 'PeerChannel', 'channel_id': 1963294780}, 'from_name': None, 'channel_post': 491, 'post_author': None, 'saved_from_peer': None, 'saved_from_msg_id': None, 'saved_from_id': None, 'saved_from_name': None, 'saved_date': None, 'psa_type': None}",,,,,6.264752801502576e+18,,310.0,7.0,,2024-02-27T17:37:03+00:00,,,"{'_': 'MessageReactions', 'results': [{'_': 'ReactionCount', 'reaction': {'_': 'ReactionEmoji', 'emoticon': 'â¤'}, 'count': 5, 'chosen_order': None}], 'min': False, 'can_see_list': False, 'reactions_as_tags': False, 'recent_reactions': []}",[],
oguserstock,https://t.me/oguserstock,2857,2024-03-04 09:51:23,"ğŸ§ Selling another 2L:

@ym ğŸ†•
C/O 5k$
BIN 6k$

âœï¸ Note: This username is proxy for a close friend, any <PERSON> accepted. 

ğŸ“¥ @Clemency",False,False,False,True,True,False,False,False,False,False,1413688447,,,,,,,,,8.0,1.0,,2024-03-04T09:53:32+00:00,tqm,,,[],
accountsforsalelucagency,https://t.me/accountsforsalelucagency,254,2024-01-19 06:38:14,"ğŸ”¤ğŸ”¤ğŸ”¤ğŸ”¤ğŸ”¤ğŸ”¤ğŸ”¤ğŸ”¤   ğŸ”¤ğŸ”¤   ğŸ”¤ğŸ”¤ğŸ”¤ğŸ”¤ğŸ”¤ğŸ”¤ğŸ”¤   ğŸ”¤ğŸ”¤ğŸ”¤ğŸ”¤ğŸ”¤   ğŸ”¤ğŸ”¤ğŸ”¤ğŸ”¤ğŸ”¤

Today we have Facebook ad account $1500 limit have history spending
ğŸ€ Spent 6.33 EUR
ğŸ€ Threshold 40EUR
ğŸ€ Time zone -8US
â€¼ï¸Warranty back in <DATE_TIME>

Contact us now to get it ğŸ”¥
âœ…https://t.me/Alice_LucaAgency
âœ…https://t.me/aimee_lucagency
âœ…https://t.me/Hazel_Lucagency
âœ…https://t.me/Christina_LucaAgency
âœ…https://t.me/Jena_lucagency

Check out our website: https://lucagency.net/",False,False,False,False,True,False,False,True,False,False,1508304920,,,,,,,6.149919910176864e+18,,126.0,3.0,"{'_': 'MessageReplies', 'replies': 0, 'replies_pts': 506, 'comments': True, 'recent_repliers': [], 'channel_id': 1862544107, 'max_id': None, 'read_max_id': None}",2024-02-24T10:00:35+00:00,Alice | Account Executive Luca Agency,,"{'_': 'MessageReactions', 'results': [{'_': 'ReactionCount', 'reaction': {'_': 'ReactionEmoji', 'emoticon': 'ğŸ‘'}, 'count': 1, 'chosen_order': None}], 'min': False, 'can_see_list': False, 'reactions_as_tags': False, 'recent_reactions': []}",[],
usnhub,https://t.me/usnhub,2575,2024-03-04 10:58:04,tentu <PERSON>,False,False,False,False,True,False,False,True,False,False,1762746795,,,,2337.0,False,False,,,63.0,0.0,"{'_': 'MessageReplies', 'replies': 0, 'replies_pts': 15768, 'comments': True, 'recent_repliers': [], 'channel_id': 1906509669, 'max_id': None, 'read_max_id': None}",2024-03-04T10:58:07+00:00,,,,[],
usnhub,https://t.me/usnhub,2995,2024-03-17 04:56:02,<PERSON> iphone nya ada 10 kan ? <PERSON>,False,False,False,False,True,False,False,True,False,False,1762746795,,,,2990.0,False,False,,,43.0,0.0,"{'_': 'MessageReplies', 'replies': 0, 'replies_pts': 17789, 'comments': True, 'recent_repliers': [], 'channel_id': 1906509669, 'max_id': None, 'read_max_id': None}",2024-03-17T04:56:05+00:00,,,,[],
adsbinfree,https://t.me/adsbinfree,722,2024-01-27 13:43:17,"<DATE_TIME> am give my all private members cards Check Facebook ads so donâ€™t miss class <DATE_TIME>.


Class Bangladesh time : <DATE_TIME> time <DATE_TIME>

Telegram: @fbadspro11",False,False,False,False,True,False,False,False,False,False,1621110337,,,,,,,,,2037.0,2.0,,2024-01-27T15:10:43+00:00,,,"{'_': 'MessageReactions', 'results': [{'_': 'ReactionCount', 'reaction': {'_': 'ReactionEmoji', 'emoticon': 'ğŸ‘'}, 'count': 1, 'chosen_order': None}], 'min': False, 'can_see_list': False, 'reactions_as_tags': False, 'recent_reactions': []}",[],
oguserstock,https://t.me/oguserstock,2879,2024-03-28 19:03:56,"ğŸ“± Active services RN:

- Lookups
- Suspicious login bypass
- 2FA Remove
- Unbans (SPAM / Arti / Imper)

I can fulfill this services easily so i will keep taking orders for them.

Bump my messages if you have any inquiry regarding any of the stated services. I need a lil break but this services are easy for me.

ğŸ“¥ @Clemency",False,False,False,False,True,False,False,False,False,False,1413688447,,,,,,,,,26.0,0.0,,2024-03-28T19:05:02+00:00,tqm (slow replies),,,[],
trickadsagency,https://t.me/trickadsagency,1625,2024-03-25 12:36:04,Thanks Brothers.... Love youâ¤ï¸,False,False,False,False,True,False,False,True,False,False,1882829410,,"{'_': 'MessageFwdHeader', 'date': '2024-03-25T12:35:45+00:00', 'imported': False, 'saved_out': False, 'from_id': {'_': 'PeerChannel', 'channel_id': 1621110337}, 'from_name': None, 'channel_post': 940, 'post_author': None, 'saved_from_peer': None, 'saved_from_msg_id': None, 'saved_from_id': None, 'saved_from_name': None, 'saved_date': None, 'psa_type': None}",,,,,6.057362634803625e+18,,151.0,0.0,,2024-03-25T12:36:06+00:00,,,"{'_': 'MessageReactions', 'results': [{'_': 'ReactionCount', 'reaction': {'_': 'ReactionEmoji', 'emoticon': 'â¤'}, 'count': 2, 'chosen_order': None}], 'min': False, 'can_see_list': False, 'reactions_as_tags': False, 'recent_reactions': []}",[],
akgoogleads,https://t.me/akgoogleads,1599,2024-02-04 18:23:15,"175$ account available in 35$
Daily limit 750
Only interested people ping us 

@adworseller",False,False,False,False,True,False,False,False,False,False,1303629620,,,,,,,6.194769728208224e+18,,755.0,1.0,,2024-02-04T18:23:43+00:00,Adwordseller ğŸ”µ,,,[],
freecombolistdaily,https://t.me/freecombolistdaily,2925,2024-02-20 20:39:34,UK Mailaccess All Target,False,False,False,False,True,False,False,False,False,False,1716787216,,"{'_': 'MessageFwdHeader', 'date': '2023-12-21T22:46:56+00:00', 'imported': False, 'saved_out': False, 'from_id': {'_': 'PeerChannel', 'channel_id': 1736488447}, 'from_name': None, 'channel_post': 4887, 'post_author': None, 'saved_from_peer': None, 'saved_from_msg_id': None, 'saved_from_id': None, 'saved_from_name': None, 'saved_date': None, 'psa_type': None}",,,,,6.0643920617481e+18,,8.0,0.0,,,,,,[],
membersa_channel,https://t.me/membersa_channel,28,2024-01-26 18:06:13,"ğŸ” ğŸ” ğŸ” ğŸ” ğŸ” ğŸ” ğŸ…°ï¸ğŸ”   â– ğŸ” ğŸ…°ï¸ğŸ” ğŸ” 


â–¶ï¸ Search & rank Booster

ğŸŸ¢Premium Members (<DATE_TIME> nondrop)
ğŸŸ¢Premium Start bot (lifetime non drop)
ğŸŸ¢Boost channel (story activation - <DATE_TIME>)

ğŸ³ï¸ Mixed Worldwide Premium services
ğŸ‡®ğŸ‡· Iran Premium services
<PERSON>ğŸ‡· Turkey Premium services
ğŸ‡¸ğŸ‡¦ Arab Premium services
ğŸ‡®ğŸ‡³ <NRP> Premium services
ğŸ‡ºğŸ‡¿ <NRP> Premium services
ğŸ‡ºğŸ‡¸ USA Premium services 
ğŸ‡®ğŸ‡± Israel Premium services


â€¼ï¸#1 Cheapest & Best Services Provider
ğŸ›¡ @supimo
ğŸ”—Automatic Panel : GetMeFollowers.org",False,False,False,False,True,False,False,False,False,False,1724873571,,,,,,,,,22.0,0.0,,,,,,[],
freecombolistdaily,https://t.me/freecombolistdaily,2920,2024-02-19 20:01:57,"Private Combolist from All Countries available!

restock <DATE_TIME>

[+] 56M Crypto Combolist âœ…

restock <DATE_TIME>

[+] 66M FR Combolist âœ…

restock <DATE_TIME>

[+] 41.5M DE Combolist âœ…

restock <DATE_TIME> :

[+] 120M UHQ USA Combolist âœ…
[+] 56M Outlook Combolist âœ…

Payment :

All Types of Crypto

Waste of time = block!

Status : 

âœ… = available
âŒ = sold


@paulofrank21",False,False,False,False,True,False,False,False,False,False,1716787216,,"{'_': 'MessageFwdHeader', 'date': '2024-02-17T22:33:39+00:00', 'imported': False, 'saved_out': False, 'from_id': {'_': 'PeerChannel', 'channel_id': 1736488447}, 'from_name': None, 'channel_post': 5125, 'post_author': None, 'saved_from_peer': None, 'saved_from_msg_id': None, 'saved_from_id': None, 'saved_from_name': None, 'saved_date': None, 'psa_type': None}",,,,,,,7.0,0.0,,,,,,[],
usnhub,https://t.me/usnhub,2292,2024-02-26 08:20:57,<PERSON> ? ğŸ‘€,False,False,False,False,True,False,False,True,False,False,1762746795,,"{'_': 'MessageFwdHeader', 'date': '2024-02-26T08:17:31+00:00', 'imported': False, 'saved_out': False, 'from_id': None, 'from_name': 'ğ„vÃ¶xie !', 'channel_post': None, 'post_author': None, 'saved_from_peer': None, 'saved_from_msg_id': None, 'saved_from_id': None, 'saved_from_name': None, 'saved_date': None, 'psa_type': None}",,,,,,,65.0,0.0,"{'_': 'MessageReplies', 'replies': 2, 'replies_pts': 14509, 'comments': True, 'recent_repliers': [{'_': 'PeerChannel', 'channel_id': 1906509669}], 'channel_id': 1906509669, 'max_id': 4051, 'read_max_id': None}",2024-02-26T08:21:00+00:00,,,,[],
adsbinfree,https://t.me/adsbinfree,715,2024-01-02 13:01:03,Am ready for go in India..... <PERSON>,False,False,False,False,True,False,False,True,False,False,1621110337,,,,,,,6.097973771085397e+18,,1943.0,1.0,,2024-01-02T13:01:44+00:00,,,"{'_': 'MessageReactions', 'results': [{'_': 'ReactionCount', 'reaction': {'_': 'ReactionEmoji', 'emoticon': 'â¤'}, 'count': 2, 'chosen_order': None}], 'min': False, 'can_see_list': False, 'reactions_as_tags': False, 'recent_reactions': []}",[],
oguserstock,https://t.me/oguserstock,2826,2024-01-12 22:13:54,"ğŸ“± Cheapest Instagram Lookups in com:

Get any instagram users linked email, phone number and DOB (verifieds too)

Starting from 290$+

ğŸ“¥ @Clemency",False,False,False,False,True,False,False,False,False,False,1413688447,,,,,,,,,1014.0,8.0,,2024-01-30T00:19:54+00:00,tqm,,,[],
freecombolistdaily,https://t.me/freecombolistdaily,2967,2024-02-24 00:17:53,"<NRP>Sell Databases<NRP>

ğŸ—‚ Format : Mail:Pass

ğŸŒ Country : USA, UK, DE, FR, IT, BR, BG, AT, PL, CZ, CA, NL, CH, BE. (and other) 

ğŸ†˜Good for many service (example) : Social Network, Social media, Electronic wallet, BA, Game, Crypto, VPN, Online stores, Online booking and other service . 


âœ…Hits High (<PERSON>)
âœ…Guaranteed Quality & Hits
âœ… Request Order

â€¼ï¸I sell what you needâ€¼ï¸

@paulofrank21",False,False,False,False,True,False,False,False,False,False,1716787216,,"{'_': 'MessageFwdHeader', 'date': '2024-02-24T00:06:58+00:00', 'imported': False, 'saved_out': False, 'from_id': {'_': 'PeerChannel', 'channel_id': 1736488447}, 'from_name': None, 'channel_post': 5205, 'post_author': None, 'saved_from_peer': None, 'saved_from_msg_id': None, 'saved_from_id': None, 'saved_from_name': None, 'saved_date': None, 'psa_type': None}",,,,,,,16.0,0.0,,,,,,[],
nxxvo,https://t.me/nxxvo,2625,2024-02-27 14:53:42,"Verified Telegram Channelâœ…

-i ll transfer ownership 
-Legits Channels
-Very safe 

TrustedğŸš€

ğŸ”µ <NRP>",False,False,False,True,True,False,False,False,False,False,1722074717,,,,,,,5.976564571864943e+18,,12.0,0.0,,,Nova,,,[],
metabinsthreshold,https://t.me/metabinsthreshold,292,2024-02-26 10:31:37,"5 accounts available each 250$ .
Spending guarantee âœ…
Price -300$ 
@Facebookbins1",False,False,False,False,True,False,False,False,False,False,1767080300,,,,290.0,False,False,,,91.0,0.0,,,,,,[],
membersa_telegram,https://t.me/membersa_telegram,134,2024-03-17 15:30:27,"ğŸšNew Premium #Telegram Services

â­ï¸ 4350 - Telegram Premium members - [<DATE_TIME>] â›”ï¸ / 4.44$
â­ï¸ 4351 - Telegram Premium members - [<DATE_TIME>] â›”ï¸ / 7.41$
â­ï¸ 4352 - Telegram Premium members - [<DATE_TIME>] â›”ï¸ / 8.89$
â­ï¸ 4353 - Telegram Premium members - [<DATE_TIME>] â›”ï¸ / 10.38$


ğŸ‘‘ 1 #Cheapest & Best Services Provider
ğŸ”—Panel : GetMeFollowers.org",False,False,False,False,True,False,False,False,False,False,1899525695,,,,,,,,,27.0,0.0,,,,,,[],
instafollowerrv,https://t.me/instafollowerrv,59,2024-03-19 03:18:19,"â€¼ï¸ New Service 

ğŸ“ˆ Get ready to rise 

ğŸŒ Instagram followers with full <NRP> location are available for sale. âœ…

Delivery in <DATE_TIME>.ğŸª

Contact : @Himperiestro and @alpacinoxd ğŸ‘",False,False,False,False,True,False,False,False,False,False,1803585302,,,,,,,,,1.0,0.0,,,,,,[],
usnhub,https://t.me/usnhub,2507,2024-03-03 13:01:31,"<PERSON> tdk sejahat <PERSON>"" ke bot <PERSON>",False,False,False,False,True,False,False,True,False,False,1762746795,,,,2337.0,False,False,,,5.0,0.0,"{'_': 'MessageReplies', 'replies': 0, 'replies_pts': 15501, 'comments': True, 'recent_repliers': [], 'channel_id': 1906509669, 'max_id': None, 'read_max_id': None}",2024-03-03T13:01:34+00:00,,,,[],
mail_access_private,https://t.me/mail_access_private,462,2024-02-26 22:21:51,"If you are looking for good data <DATE_TIME>, my cloud has data from Europe and USA (also some CIS)
Daily updates. Fresh data <DATE_TIME>. Not a garbage cloud like 90% of channels, just try it. Over time, the price will be higher, have time to get access a good price.

Price Private Cloud 
20$ - 1 week
50$ - 1 month
@sasss_ka - admin

P.S. Thank you all, there are already 1,500 of us on channel ğŸ˜˜â¤",False,False,False,False,True,False,False,False,False,False,1994848622,,,,,,,,,1976.0,4.0,,2024-02-26T22:25:07+00:00,,,"{'_': 'MessageReactions', 'results': [{'_': 'ReactionCount', 'reaction': {'_': 'ReactionEmoji', 'emoticon': 'ğŸ•Š'}, 'count': 4, 'chosen_order': None}, {'_': 'ReactionCount', 'reaction': {'_': 'ReactionEmoji', 'emoticon': 'â¤'}, 'count': 3, 'chosen_order': None}, {'_': 'ReactionCount', 'reaction': {'_': 'ReactionEmoji', 'emoticon': 'ğŸ³'}, 'count': 1, 'chosen_order': None}], 'min': False, 'can_see_list': False, 'reactions_as_tags': False, 'recent_reactions': []}",[],
freecombolistdaily,https://t.me/freecombolistdaily,2980,2024-02-25 19:08:51,"â™¦ï¸ 31GB DOMAIN USA Combolist â™¦ï¸

$250

hurry up!

only one copy!

@paulofrank21",False,False,False,False,True,False,False,False,False,False,1716787216,,"{'_': 'MessageFwdHeader', 'date': '2024-02-24T00:06:47+00:00', 'imported': False, 'saved_out': False, 'from_id': {'_': 'PeerChannel', 'channel_id': 1736488447}, 'from_name': None, 'channel_post': 5204, 'post_author': None, 'saved_from_peer': None, 'saved_from_msg_id': None, 'saved_from_id': None, 'saved_from_name': None, 'saved_date': None, 'psa_type': None}",,,,,,,2.0,0.0,,,,,,[],
vodka_free,https://t.me/vodka_free,477,2024-03-14 14:25:55,<PERSON>  #Brasilitalia#,False,False,False,False,True,False,False,False,False,False,1924679759,,,,,,,,,157.0,1.0,,,Owner,,,[],
trickadsagency,https://t.me/trickadsagency,1524,2024-02-09 10:59:27,"Unlimited virtual card. 


Link: https://url.hk/i/en/m0n4c",False,False,False,False,True,False,False,True,False,False,1882829410,,"{'_': 'MessageFwdHeader', 'date': '2024-02-09T10:59:00+00:00', 'imported': False, 'saved_out': False, 'from_id': {'_': 'PeerChannel', 'channel_id': 1621110337}, 'from_name': None, 'channel_post': 740, 'post_author': None, 'saved_from_peer': None, 'saved_from_msg_id': None, 'saved_from_id': None, 'saved_from_name': None, 'saved_date': None, 'psa_type': None}",,,,,6.210724848813062e+18,,589.0,1.0,,2024-02-09T10:59:35+00:00,,,"{'_': 'MessageReactions', 'results': [{'_': 'ReactionCount', 'reaction': {'_': 'ReactionEmoji', 'emoticon': 'â¤'}, 'count': 4, 'chosen_order': None}], 'min': False, 'can_see_list': False, 'reactions_as_tags': False, 'recent_reactions': []}",[],
mystorypolls,https://t.me/mystorypolls,17370,2024-01-25 16:24:39,Food Polls ğŸ˜,False,False,False,True,True,False,False,False,False,False,1344163371,,,,,,,6.167883336014478e+18,,323.0,0.0,,,B,1.3649599034722772e+16,,[],
metabinsthreshold,https://t.me/metabinsthreshold,294,2024-03-09 11:10:49,"Available
Give your offer 
@FacebookBins1",False,False,False,False,True,False,False,True,False,False,1767080300,,,,,,,6.008026362654343e+18,,198.0,0.0,,2024-03-09T19:41:46+00:00,,,"{'_': 'MessageReactions', 'results': [{'_': 'ReactionCount', 'reaction': {'_': 'ReactionEmoji', 'emoticon': 'ğŸ‘'}, 'count': 1, 'chosen_order': None}], 'min': False, 'can_see_list': False, 'reactions_as_tags': False, 'recent_reactions': []}",[],
themediamarket,https://t.me/themediamarket,893,2024-03-26 00:22:38,"Also buying; cities, countries, and travel users",False,False,False,False,True,False,False,True,False,False,1698374657,,,,892.0,0.0,0.0,,,188.0,1.0,"{'_': 'MessageReplies', 'replies': 0, 'replies_pts': 34, 'comments': True, 'recent_repliers': [], 'channel_id': 2001542917, 'max_id': None, 'read_max_id': None}",2024-03-26T00:22:42+00:00,,,,[],
mail_access_private,https://t.me/mail_access_private,408,2024-02-06 07:25:48,"1.000 subscribers! Thank you, guys ğŸ’",False,False,False,False,True,False,False,True,False,False,1994848622,,,,,,,,,1171.0,0.0,,2024-02-06T07:32:53+00:00,,,"{'_': 'MessageReactions', 'results': [{'_': 'ReactionCount', 'reaction': {'_': 'ReactionEmoji', 'emoticon': 'ğŸ•Š'}, 'count': 8, 'chosen_order': None}], 'min': False, 'can_see_list': False, 'reactions_as_tags': False, 'recent_reactions': []}",[],
membersa_telegram,https://t.me/membersa_telegram,122,2024-01-11 23:16:46,"ğŸ” ğŸ” ğŸ” ğŸ” ğŸ” ğŸ” ğŸ…°ï¸ğŸ”   â– ğŸ” ğŸ…°ï¸ğŸ” ğŸ” 


â–¶ï¸ Search & rank Booster

ğŸŸ¢Premium Members (<DATE_TIME> nondrop)
ğŸŸ¢Premium Start bot (lifetime non drop)
ğŸŸ¢Boost channel (story activation - <DATE_TIME>)

ğŸ³ï¸ Mixed Worldwide Premium services
ğŸ‡®ğŸ‡· Iran Premium services
<PERSON>ğŸ‡· Turkey Premium services
ğŸ‡¸ğŸ‡¦ Arab Premium services
ğŸ‡®ğŸ‡³ <NRP> Premium services
ğŸ‡ºğŸ‡¿ <NRP> Premium services
ğŸ‡ºğŸ‡¸ USA Premium services 
ğŸ‡®ğŸ‡± Israel Premium services


â€¼ï¸#1 Cheapest & Best Services Provider
ğŸ›¡ @supimo
ğŸ”—Automatic Panel : GetMeFollowers.org",False,False,False,False,True,False,False,False,False,False,1899525695,,,,,,,,,98.0,0.0,,,,,,[],
usnhub,https://t.me/usnhub,2370,2024-03-02 03:33:15,"ğŸš¨ @elucifer <NRP>
ğŸ”¥ Still UFS",False,False,False,False,True,False,False,True,False,False,1762746795,,,,,,,,,193.0,0.0,"{'_': 'MessageReplies', 'replies': 0, 'replies_pts': 15067, 'comments': True, 'recent_repliers': [], 'channel_id': 1906509669, 'max_id': None, 'read_max_id': None}",2024-03-02T03:33:18+00:00,,,,[],
mail_access_private,https://t.me/mail_access_private,502,2024-03-21 17:14:13,"Private cloud update
@sasss_ka",False,False,False,False,True,False,False,False,False,False,1994848622,,,,,,,,,1397.0,1.0,,,,,,[],
indian_subs_official,https://t.me/indian_subs_official,264,2024-03-25 00:50:17,ğŸ¤ŒHappy Holi ğŸŒˆ,False,False,False,False,True,False,False,False,False,False,1168335122,,,,,,,6.055213493298249e+18,,64.0,1.0,,2024-03-25T00:52:21+00:00,,,"{'_': 'MessageReactions', 'results': [{'_': 'ReactionCount', 'reaction': {'_': 'ReactionEmoji', 'emoticon': 'ğŸ‘'}, 'count': 1, 'chosen_order': None}], 'min': False, 'can_see_list': False, 'reactions_as_tags': False, 'recent_reactions': []}",[],
freecombolistdaily,https://t.me/freecombolistdaily,2984,2024-02-25 19:08:51,"ROAD TO 1.4K SUBS I WILL GIVE ATTRACTIVE OFFER FOR PRIVATE CLOUD

<DATE_TIME> 50$ GET (FREE <DATE_TIME>)
1 MONTH 100$ GET (FREE 1 MONTH)
6 MONTH 200$ GET ( FREE <DATE_TIME> )

BEST QUALITY 
EVERYDAY SHARE COMBOS FRESH & PRIVATE
LET'S JOIN GUYSSSS...",False,False,False,False,True,False,False,False,False,False,1716787216,,"{'_': 'MessageFwdHeader', 'date': '2024-02-20T20:07:00+00:00', 'imported': False, 'saved_out': False, 'from_id': {'_': 'PeerChannel', 'channel_id': 1736488447}, 'from_name': None, 'channel_post': 5158, 'post_author': None, 'saved_from_peer': None, 'saved_from_msg_id': None, 'saved_from_id': None, 'saved_from_name': None, 'saved_date': None, 'psa_type': None}",,,,,,,4.0,0.0,,,,,,[],
usnhub,https://t.me/usnhub,2541,2024-03-03 14:53:19,sold !! thank <PERSON> ğŸ™ğŸ»ğŸ™ğŸ»ğŸ™ğŸ»,False,False,False,False,True,False,False,True,False,False,1762746795,,,,269.0,False,False,,,24.0,0.0,"{'_': 'MessageReplies', 'replies': 0, 'replies_pts': 15622, 'comments': True, 'recent_repliers': [], 'channel_id': 1906509669, 'max_id': None, 'read_max_id': None}",2024-03-03T14:53:23+00:00,,,,[],
adsbinfree,https://t.me/adsbinfree,789,2024-02-25 16:12:14,"Bot sale <PERSON> adsense or website traffic or adsttera load <PERSON>.

Bot price: $50",False,False,False,False,True,False,False,True,False,False,1621110337,,,,,,,,,193.0,0.0,,2024-02-25T16:12:18+00:00,,,"{'_': 'MessageReactions', 'results': [{'_': 'ReactionCount', 'reaction': {'_': 'ReactionEmoji', 'emoticon': 'â¤'}, 'count': 4, 'chosen_order': None}], 'min': False, 'can_see_list': False, 'reactions_as_tags': False, 'recent_reactions': []}",[],
vodka_free,https://t.me/vodka_free,356,2024-01-23 13:08:14,"start making up 100K per month with my source code of invest platforme 
ihave code source 

coded by 
JS
HTML
CSS
BOOTSTRAP
PHP
SQL

demo : @twilio_admin",False,False,False,False,True,False,False,False,False,False,1924679759,,,,,,,5.872796310862676e+18,,916.0,2.0,,2024-01-23T13:09:53+00:00,,,,[],
trickadsagency,https://t.me/trickadsagency,1615,2024-03-23 12:45:36,"ğŸ”’ Stay Private, Get Sure Shot Cards Easily! ğŸ”’

Looking for sure shot cards? We've got you covered!

âœ¨ Available Now: Sure Shot Cards at only 650 tk per card.

Rest assured, all cards are thoroughly checked with our advanced checker for your peace of mind.

Don't miss out on this opportunity! Secure your cards <DATE_TIME>.

ğŸ” Stay {adsbinfree} private! Get yours now! ğŸ”

My Telegram: @fbadspro11",False,False,False,False,True,False,False,True,False,False,1882829410,,"{'_': 'MessageFwdHeader', 'date': '2024-03-23T12:44:51+00:00', 'imported': False, 'saved_out': False, 'from_id': {'_': 'PeerChannel', 'channel_id': 1621110337}, 'from_name': None, 'channel_post': 921, 'post_author': None, 'saved_from_peer': None, 'saved_from_msg_id': None, 'saved_from_id': None, 'saved_from_name': None, 'saved_date': None, 'psa_type': None}",,,,,6.336810520094555e+18,,33.0,1.0,,2024-03-23T13:10:09+00:00,,,"{'_': 'MessageReactions', 'results': [{'_': 'ReactionCount', 'reaction': {'_': 'ReactionEmoji', 'emoticon': 'â¤'}, 'count': 1, 'chosen_order': None}], 'min': False, 'can_see_list': False, 'reactions_as_tags': False, 'recent_reactions': []}",[],
mail_access_private,https://t.me/mail_access_private,450,2024-02-20 18:11:07,"more high quality and fresh data in private channel, in order to get access, write to administrator
@sasss_ka",False,False,False,False,True,False,False,False,False,False,1994848622,,,,,,,,,1825.0,15.0,,2024-02-20T18:55:28+00:00,,,"{'_': 'MessageReactions', 'results': [{'_': 'ReactionCount', 'reaction': {'_': 'ReactionEmoji', 'emoticon': 'â¤'}, 'count': 5, 'chosen_order': None}, {'_': 'ReactionCount', 'reaction': {'_': 'ReactionEmoji', 'emoticon': 'ğŸ’¯'}, 'count': 1, 'chosen_order': None}, {'_': 'ReactionCount', 'reaction': {'_': 'ReactionEmoji', 'emoticon': 'ğŸ†'}, 'count': 1, 'chosen_order': None}], 'min': False, 'can_see_list': False, 'reactions_as_tags': False, 'recent_reactions': []}",[],
freecombolistdaily,https://t.me/freecombolistdaily,3139,2024-04-02 20:49:51,"ROAD TO 1.4K SUBS I WILL GIVE ATTRACTIVE OFFER FOR PRIVATE CLOUD

<DATE_TIME> 50$ GET (FREE <DATE_TIME>)
1 MONTH 100$ GET (FREE 1 MONTH)
6 MONTH 200$ GET ( FREE <DATE_TIME> )

BEST QUALITY 
EVERYDAY SHARE COMBOS FRESH & PRIVATE
LET'S JOIN GUYSSSS...",False,False,False,False,True,False,False,False,False,False,1716787216,,"{'_': 'MessageFwdHeader', 'date': '2024-04-02T20:49:41+00:00', 'imported': False, 'saved_out': False, 'from_id': {'_': 'PeerChannel', 'channel_id': 1736488447}, 'from_name': None, 'channel_post': 5461, 'post_author': None, 'saved_from_peer': None, 'saved_from_msg_id': None, 'saved_from_id': None, 'saved_from_name': None, 'saved_date': None, 'psa_type': None}",,,,,,,5.0,0.0,,,,,,[],
usnhub,https://t.me/usnhub,3033,2024-03-18 09:27:21,ni pasti ngedit sendiri ğŸ˜‚,False,False,False,False,True,False,False,True,False,False,1762746795,,,,3032.0,False,False,,,23.0,0.0,"{'_': 'MessageReplies', 'replies': 0, 'replies_pts': 17932, 'comments': True, 'recent_repliers': [], 'channel_id': 1906509669, 'max_id': None, 'read_max_id': None}",2024-03-18T09:27:24+00:00,,,,[],
usnhub,https://t.me/usnhub,2303,2024-02-26 09:14:38,"<PERSON> ğŸ™„
-tini",False,False,False,False,True,False,False,True,False,False,1762746795,,,,,,,,,82.0,0.0,"{'_': 'MessageReplies', 'replies': 0, 'replies_pts': 14567, 'comments': True, 'recent_repliers': [], 'channel_id': 1906509669, 'max_id': None, 'read_max_id': None}",2024-02-26T09:14:41+00:00,,,,[],
trickadsagency,https://t.me/trickadsagency,1613,2024-03-23 12:35:26,"ğŸš€ Unlock Premium Membership and Simplify Your Life with [adsbinfree]! ğŸŒŸ

Are you tired of <DATE_TIME> hassles with payment methods? Say goodbye to uncertainties and hello to convenience with our exclusive Facebook auto-pay method using American Express! ğŸ’³âœ¨

With our revolutionary service, you can effortlessly manage your Facebook ad payments, ensuring uninterrupted advertising for your business. No more worrying about declined payments or payment delays â€“ streamline your ad spending with ease.

Here's what you'll get with our Premium Membership:

ğŸ”¥ Daily Updates of High-Quality BINs: Stay ahead of the curve with fresh BINs delivered to your inbox daily, ensuring maximum success rates for your transactions.

ğŸ’³ Access to Sure Shot Cards: Say goodbye to guesswork and hello to guaranteed success with our premium sure shot cards, tailored for your peace of mind. 

                                     
ğŸ’¼ Lifetime Membership: Enjoy lifetime access to our exclusive membership, unlocking a world of convenience and savings for your business.

ğŸ’° Limited Time Offer: Join now and secure your lifetime membership for only $50! With <DATE_TIME> updates, premium <NRP>, and guaranteed success, this deal is too good to miss.

ğŸ“¢ Ready to simplify your life and boost your business with our Premium Membership? Don't miss out â€“ click the link Join Now to get started <DATE_TIME>!

Got questions or need assistance? Our dedicated support team is here to help!

Contracts: @fbadspro11

#PremiumMembership #FacebookAds #AutoPay #AmericanExpress #BINs #SureShotCards #LifetimeDeal",False,False,False,False,True,False,False,True,False,False,1882829410,,"{'_': 'MessageFwdHeader', 'date': '2024-03-23T12:31:25+00:00', 'imported': False, 'saved_out': False, 'from_id': {'_': 'PeerChannel', 'channel_id': 1621110337}, 'from_name': None, 'channel_post': 919, 'post_author': None, 'saved_from_peer': None, 'saved_from_msg_id': None, 'saved_from_id': None, 'saved_from_name': None, 'saved_date': None, 'psa_type': None}",,,,,,,37.0,0.0,,2024-03-23T12:35:29+00:00,,,"{'_': 'MessageReactions', 'results': [{'_': 'ReactionCount', 'reaction': {'_': 'ReactionEmoji', 'emoticon': 'â¤'}, 'count': 1, 'chosen_order': None}], 'min': False, 'can_see_list': False, 'reactions_as_tags': False, 'recent_reactions': []}",[],
adsbinfree,https://t.me/adsbinfree,764,2024-02-16 08:17:38,"Bangladesh pc clone number id need 

High rate dibo any one have nock me. 

100 pc id need per day....

My telegram: @kingofzero1",False,False,False,False,True,False,False,True,False,False,1621110337,,"{'_': 'MessageFwdHeader', 'date': '2024-02-16T08:17:21+00:00', 'imported': False, 'saved_out': False, 'from_id': {'_': 'PeerChannel', 'channel_id': 1963294780}, 'from_name': None, 'channel_post': 442, 'post_author': None, 'saved_from_peer': None, 'saved_from_msg_id': None, 'saved_from_id': None, 'saved_from_name': None, 'saved_date': None, 'psa_type': None}",,,,,,,477.0,1.0,,2024-02-16T08:18:12+00:00,,,"{'_': 'MessageReactions', 'results': [{'_': 'ReactionCount', 'reaction': {'_': 'ReactionEmoji', 'emoticon': 'ğŸ‘'}, 'count': 1, 'chosen_order': None}, {'_': 'ReactionCount', 'reaction': {'_': 'ReactionEmoji', 'emoticon': 'â¤'}, 'count': 1, 'chosen_order': None}], 'min': False, 'can_see_list': False, 'reactions_as_tags': False, 'recent_reactions': []}",[],
adder_venom,https://t.me/adder_venom,667,2024-03-29 06:32:01,Soled telegram account 50 âœ…âœ…,False,False,False,False,True,False,False,True,False,False,1913734675,,,,,,,6.066426132489681e+18,,109.0,0.0,"{'_': 'MessageReplies', 'replies': 0, 'replies_pts': 7740, 'comments': True, 'recent_repliers': [], 'channel_id': 1942096345, 'max_id': None, 'read_max_id': None}",2024-03-29T06:32:04+00:00,,,,[],
mail_access_private,https://t.me/mail_access_private,406,2024-02-03 19:24:37,"Thank you all, friends 

There are only <DATE_TIME> places in private channel, price is relevant <DATE_TIME>, in <DATE_TIME> I will raise prices.

Price Private Channel :
<DATE_TIME>$
<DATE_TIME>$

@sasss_ka",False,False,False,False,True,False,False,True,False,False,1994848622,,,,402.0,False,False,,,1224.0,1.0,,2024-02-06T08:20:47+00:00,,,"{'_': 'MessageReactions', 'results': [{'_': 'ReactionCount', 'reaction': {'_': 'ReactionEmoji', 'emoticon': 'â¤'}, 'count': 5, 'chosen_order': None}], 'min': False, 'can_see_list': False, 'reactions_as_tags': False, 'recent_reactions': []}",[],
mail_access_private,https://t.me/mail_access_private,440,2024-02-18 06:02:59,"1.200 subscribers â¤
Thanks all ğŸ¥°",False,False,False,False,True,False,False,True,False,False,1994848622,,,,,,,,,1506.0,1.0,,2024-02-18T06:03:23+00:00,,,"{'_': 'MessageReactions', 'results': [{'_': 'ReactionCount', 'reaction': {'_': 'ReactionEmoji', 'emoticon': 'ğŸ†'}, 'count': 7, 'chosen_order': None}, {'_': 'ReactionCount', 'reaction': {'_': 'ReactionEmoji', 'emoticon': 'â¤'}, 'count': 3, 'chosen_order': None}], 'min': False, 'can_see_list': False, 'reactions_as_tags': False, 'recent_reactions': []}",[],
mail_access_private,https://t.me/mail_access_private,406,2024-02-03 19:24:37,"Thank you all, friends 

There are only <DATE_TIME> places in private channel, price is relevant <DATE_TIME>, in <DATE_TIME> I will raise prices.

Price Private Channel :
<DATE_TIME>$
<DATE_TIME>$

@sasss_ka",False,False,False,False,True,False,False,True,False,False,1994848622,,,,402.0,False,False,,,1247.0,1.0,,2024-02-06T08:20:47+00:00,,,"{'_': 'MessageReactions', 'results': [{'_': 'ReactionCount', 'reaction': {'_': 'ReactionEmoji', 'emoticon': 'â¤'}, 'count': 5, 'chosen_order': None}], 'min': False, 'can_see_list': False, 'reactions_as_tags': False, 'recent_reactions': []}",[],
usnhub,https://t.me/usnhub,2586,2024-03-04 12:00:39,gak pernah bilang kaya gitu saya.,False,False,False,False,True,False,False,True,False,False,1762746795,,,,2337.0,False,False,,,50.0,0.0,"{'_': 'MessageReplies', 'replies': 0, 'replies_pts': 15822, 'comments': True, 'recent_repliers': [], 'channel_id': 1906509669, 'max_id': None, 'read_max_id': None}",2024-03-04T12:00:42+00:00,,,,[],
usnhub,https://t.me/usnhub,2368,2024-03-02 03:22:09,gak ada say ğŸ˜,False,False,False,False,True,False,False,True,False,False,1762746795,,,,2337.0,False,False,,,235.0,0.0,"{'_': 'MessageReplies', 'replies': 0, 'replies_pts': 15067, 'comments': True, 'recent_repliers': [], 'channel_id': 1906509669, 'max_id': None, 'read_max_id': None}",2024-03-02T03:22:12+00:00,,,,[],
adsbinfree,https://t.me/adsbinfree,805,2024-02-28 10:22:27,<PERSON>,False,False,False,False,True,False,False,True,False,False,1621110337,,,,,,,6.267319233440498e+18,,361.0,0.0,,2024-02-28T10:22:31+00:00,,,"{'_': 'MessageReactions', 'results': [{'_': 'ReactionCount', 'reaction': {'_': 'ReactionEmoji', 'emoticon': 'â¤'}, 'count': 3, 'chosen_order': None}], 'min': False, 'can_see_list': False, 'reactions_as_tags': False, 'recent_reactions': []}",[],
freecombolistdaily,https://t.me/freecombolistdaily,2924,2024-02-20 20:39:34,surfshark Config,False,False,False,False,True,False,False,False,False,False,1716787216,,"{'_': 'MessageFwdHeader', 'date': '2024-02-19T20:01:15+00:00', 'imported': False, 'saved_out': False, 'from_id': {'_': 'PeerChannel', 'channel_id': 1736488447}, 'from_name': None, 'channel_post': 5146, 'post_author': None, 'saved_from_peer': None, 'saved_from_msg_id': None, 'saved_from_id': None, 'saved_from_name': None, 'saved_date': None, 'psa_type': None}",,,,,6.242195616084116e+18,,9.0,0.0,,,,,,[],
adsbinfree,https://t.me/adsbinfree,745,2024-02-13 06:54:22,done new bin,False,False,False,False,True,False,False,True,False,False,1621110337,,,,,,,6.221848062490426e+18,,1091.0,1.0,,2024-02-13T06:54:26+00:00,,,"{'_': 'MessageReactions', 'results': [{'_': 'ReactionCount', 'reaction': {'_': 'ReactionEmoji', 'emoticon': 'â¤'}, 'count': 1, 'chosen_order': None}], 'min': False, 'can_see_list': False, 'reactions_as_tags': False, 'recent_reactions': []}",[],
usnhub,https://t.me/usnhub,2517,2024-03-03 13:28:38,<PERSON> mending,False,False,False,False,True,False,False,True,False,False,1762746795,,,,2516.0,False,False,,,89.0,0.0,"{'_': 'MessageReplies', 'replies': 0, 'replies_pts': 15574, 'comments': True, 'recent_repliers': [], 'channel_id': 1906509669, 'max_id': None, 'read_max_id': None}",2024-03-03T13:28:41+00:00,,,,[],
followdeh_channel,https://t.me/followdeh_channel,27,2024-01-26 09:27:32,"ğŸ“Œ Affiliate Marketing Re-Enabled!

Started from Now you can use our Affiliate Marketing Program to earn 5% of your referrals top-ups directly into your account! Good News is you can also withdraw earned money via Affiliate Marketing!

ğŸŒ https://www.followdeh.com/earn/ref",False,False,False,False,True,False,False,True,False,False,1318652640,,,,,,,,,8770.0,4.0,,2024-01-26T10:01:59+00:00,,,"{'_': 'MessageReactions', 'results': [{'_': 'ReactionCount', 'reaction': {'_': 'ReactionEmoji', 'emoticon': 'ğŸ”¥'}, 'count': 23, 'chosen_order': None}, {'_': 'ReactionCount', 'reaction': {'_': 'ReactionEmoji', 'emoticon': 'ğŸ‘'}, 'count': 20, 'chosen_order': None}, {'_': 'ReactionCount', 'reaction': {'_': 'ReactionEmoji', 'emoticon': 'â¤'}, 'count': 15, 'chosen_order': None}, {'_': 'ReactionCount', 'reaction': {'_': 'ReactionEmoji', 'emoticon': 'ğŸ¥°'}, 'count': 13, 'chosen_order': None}], 'min': False, 'can_see_list': False, 'reactions_as_tags': False, 'recent_reactions': []}",[],
usnhub,https://t.me/usnhub,2305,2024-02-26 09:18:36,<PERSON> juga ..,False,False,False,False,True,False,False,True,False,False,1762746795,,,,2260.0,False,False,,,70.0,0.0,"{'_': 'MessageReplies', 'replies': 0, 'replies_pts': 14567, 'comments': True, 'recent_repliers': [], 'channel_id': 1906509669, 'max_id': None, 'read_max_id': None}",2024-02-26T09:18:39+00:00,,,,[],
cheapsmmmarketer,https://t.me/cheapsmmmarketer,608,2024-01-14 15:50:37,"Dear users,
We have added a new service for bulk orders of  Instagram followers Check it out and place order now 
Cheapsmmmarket.com",False,False,False,False,True,False,False,False,False,False,1641701890,,,,,,,6.134416744685615e+18,,851.0,0.0,,,,,,[],
mail_access_private,https://t.me/mail_access_private,487,2024-03-14 14:40:00,"Price Private Cloud   
20$ - 1 week  
50$ - 1 month",False,False,False,False,True,False,False,False,False,False,1994848622,,,,,,,,,1718.0,3.0,,,,,,[],
adder_venom,https://t.me/adder_venom,614,2024-03-22 12:28:41,Telegram stock added,False,False,False,False,True,False,False,True,False,False,1913734675,,,,,,,,,77.0,0.0,"{'_': 'MessageReplies', 'replies': 0, 'replies_pts': 7637, 'comments': True, 'recent_repliers': [], 'channel_id': 1942096345, 'max_id': None, 'read_max_id': None}",2024-03-22T12:28:44+00:00,,,,[],
akgoogleads,https://t.me/akgoogleads,1610,2024-02-18 20:06:54,"Google ads grant 10000$ account available 
Price is only 850$
Only interested people ping me 
@adwordseller",False,False,False,False,True,False,False,False,False,False,1303629620,,,,,,,6.238010776044551e+18,,526.0,0.0,,,Ads seller,,,[],
membersa_telegram,https://t.me/membersa_telegram,121,2024-01-09 20:20:51,block & report Fake scammers â—ï¸,False,False,False,False,True,False,False,False,False,False,1899525695,,,,,,,4.992592563693268e+18,,150.0,3.0,,2024-01-24T01:34:38+00:00,,,"{'_': 'MessageReactions', 'results': [{'_': 'ReactionCount', 'reaction': {'_': 'ReactionEmoji', 'emoticon': 'â¤'}, 'count': 1, 'chosen_order': None}], 'min': False, 'can_see_list': False, 'reactions_as_tags': False, 'recent_reactions': []}",[],
usnhub,https://t.me/usnhub,2542,2024-03-03 14:57:20,"<PERSON>, tp kl serius bs cp bot. diskusiin aja",False,False,False,False,True,False,False,True,False,False,1762746795,,,,2337.0,False,False,,,7.0,0.0,"{'_': 'MessageReplies', 'replies': 0, 'replies_pts': 15622, 'comments': True, 'recent_repliers': [], 'channel_id': 1906509669, 'max_id': None, 'read_max_id': None}",2024-03-03T14:57:23+00:00,,,,[],
mail_access_private,https://t.me/mail_access_private,521,2024-04-02 14:37:05,private cloud update,False,False,False,False,True,False,False,False,False,False,1994848622,,,,,,,,,116.0,1.0,,,,,,[],
tikfollowerscom,https://t.me/tikfollowerscom,207,2024-02-23 01:31:47,"don't forget to get your free tiktok followers!    
https://tikfollowers.com/free-tiktok-followers",False,False,False,False,True,False,False,False,False,False,1316307281,,,,,,,,,5337.0,1.0,,,,,,[],
adder_venom,https://t.me/adder_venom,685,2024-04-01 20:41:07,"Isko usa account <PERSON> h <NRP>
Message me",False,False,False,False,True,False,False,True,False,False,1913734675,,,,,,,,,9.0,0.0,"{'_': 'MessageReplies', 'replies': 0, 'replies_pts': 7740, 'comments': True, 'recent_repliers': [], 'channel_id': 1942096345, 'max_id': None, 'read_max_id': None}",2024-04-01T20:41:10+00:00,,,,[],
cheapsmmmarketer,https://t.me/cheapsmmmarketer,685,2024-03-21 14:02:02,"Dear Users,
Make sure to read our user manual before placing the order
Regards
Cheapsmmmarket.com",False,False,False,False,True,False,False,False,False,False,1641701890,,"{'_': 'MessageFwdHeader', 'date': '2024-03-17T18:04:56+00:00', 'imported': False, 'saved_out': False, 'from_id': {'_': 'PeerChannel', 'channel_id': 1641701890}, 'from_name': None, 'channel_post': 680, 'post_author': None, 'saved_from_peer': None, 'saved_from_msg_id': None, 'saved_from_id': None, 'saved_from_name': None, 'saved_date': None, 'psa_type': None}",,,,,6.321140439289282e+18,,7.0,0.0,,,,,,[],
nxxvo,https://t.me/nxxvo,2639,2024-03-07 21:48:33,"0 Follower TikTok Verified

Email & Number changeble 
Username changeable 
No extranal accounts 
Inactive since <DATE_TIME>

Co $950 

@thedwlh",False,False,False,False,True,False,False,False,False,False,1722074717,,,,,,,,,11.0,0.0,,,dwlh,,,[],
freecombolistdaily,https://t.me/freecombolistdaily,2954,2024-02-23 09:38:49,Amazon AWS,False,False,False,False,True,False,False,False,False,False,1716787216,,"{'_': 'MessageFwdHeader', 'date': '2023-12-25T20:45:44+00:00', 'imported': False, 'saved_out': False, 'from_id': {'_': 'PeerChannel', 'channel_id': 1736488447}, 'from_name': None, 'channel_post': 4901, 'post_author': None, 'saved_from_peer': None, 'saved_from_msg_id': None, 'saved_from_id': None, 'saved_from_name': None, 'saved_date': None, 'psa_type': None}",,,,,6.075465741567639e+18,,9.0,0.0,,,,,,[],
vodka_free,https://t.me/vodka_free,455,2024-03-09 15:53:08,CPNALE,False,False,False,False,True,False,False,False,False,False,1924679759,,,,,,,,,125.0,0.0,,,support,,,[],
buy_telegram_members_subscribers,https://t.me/buy_telegram_members_subscribers,593,2024-03-23 07:47:42,"Telegram's new algorithm.âœ…
Ranking changes slowly.
Process takes <DATE_TIME>. 

Reason: Secrets not to be discovered quickly

Add real members , real post views and backlinks 
hereğŸ‘‡
 https://smm-center.com  ğŸ’¯",False,False,False,False,True,False,False,False,False,False,1419163510,,"{'_': 'MessageFwdHeader', 'date': '2023-11-04T06:32:39+00:00', 'imported': False, 'saved_out': False, 'from_id': {'_': 'PeerChannel', 'channel_id': 1976536994}, 'from_name': None, 'channel_post': 28, 'post_author': None, 'saved_from_peer': None, 'saved_from_msg_id': None, 'saved_from_id': None, 'saved_from_name': None, 'saved_date': None, 'psa_type': None}",,,,,5.92243202383687e+18,,44.0,0.0,,,,,,[],
globalfollows,https://t.me/globalfollows,371,2024-02-20 09:58:38,"ğ—”ğ—³ğ˜ğ—²ğ—¿ ğ—¨ğ—½ğ—±ğ—®ğ˜ğ—² ğ—ªğ—¼ğ—¿ğ—¹ğ—± ğ—–ğ—µğ—²ğ—®ğ—½ğ—²ğ˜€ğ˜ ğ—¦ğ—²ğ—¿ğ˜ƒğ—¶ğ—°ğ—²ğ˜€

3123 - Facebook Page + Profile Followers | All link acceptable | Speed : <DATE_TIME> | Refill <DATE_TIME>$

- 3% Bonus on 300$
- 5% Bonus on 3000$

*https://globalfollows.com
*https://t.me/LeonCanty",False,False,False,False,True,False,False,True,False,False,1183849396,,,,,,,,,347.0,2.0,,2024-02-20T10:51:24+00:00,,,"{'_': 'MessageReactions', 'results': [{'_': 'ReactionCount', 'reaction': {'_': 'ReactionEmoji', 'emoticon': 'ğŸ‘'}, 'count': 1, 'chosen_order': None}, {'_': 'ReactionCount', 'reaction': {'_': 'ReactionEmoji', 'emoticon': 'â¤'}, 'count': 1, 'chosen_order': None}], 'min': False, 'can_see_list': False, 'reactions_as_tags': False, 'recent_reactions': []}",[],
usnhub,https://t.me/usnhub,2866,2024-03-12 22:41:23,"pake acc asli , <PERSON> ya situ <PERSON>.",False,False,False,False,True,False,False,True,False,False,1762746795,,,,2817.0,False,False,,,20.0,0.0,"{'_': 'MessageReplies', 'replies': 0, 'replies_pts': 17267, 'comments': True, 'recent_repliers': [], 'channel_id': 1906509669, 'max_id': None, 'read_max_id': None}",2024-03-12T22:41:26+00:00,,,,[],
usnhub,https://t.me/usnhub,2829,2024-03-12 02:36:56,"sabar, bntr lg koq..",False,False,False,False,True,False,False,True,False,False,1762746795,,,,2817.0,False,False,,,109.0,0.0,"{'_': 'MessageReplies', 'replies': 0, 'replies_pts': 17187, 'comments': True, 'recent_repliers': [], 'channel_id': 1906509669, 'max_id': None, 'read_max_id': None}",2024-03-12T02:36:59+00:00,,,,[],
usnhub,https://t.me/usnhub,2610,2024-03-05 05:17:22,"gafafa, <PERSON>",False,False,False,False,True,False,False,True,False,False,1762746795,,,,2609.0,False,False,,,94.0,0.0,"{'_': 'MessageReplies', 'replies': 0, 'replies_pts': 15925, 'comments': True, 'recent_repliers': [], 'channel_id': 1906509669, 'max_id': None, 'read_max_id': None}",2024-03-05T05:17:25+00:00,,,,[],
vodka_free,https://t.me/vodka_free,479,2024-03-16 14:05:53,<PERSON>k2xxzyxu9q32  Chadmin@1821,False,False,False,False,True,False,False,True,False,False,1924679759,,,,,,,,,69.0,2.0,,2024-03-16T18:19:02+00:00,Owner,,"{'_': 'MessageReactions', 'results': [{'_': 'ReactionCount', 'reaction': {'_': 'ReactionEmoji', 'emoticon': 'ğŸ¥°'}, 'count': 1, 'chosen_order': None}], 'min': False, 'can_see_list': False, 'reactions_as_tags': False, 'recent_reactions': []}",[],
mail_access_private,https://t.me/mail_access_private,405,2024-02-03 19:21:12,<PERSON>,False,False,False,False,True,False,False,True,False,False,1994848622,,,,,,,5.327921297809855e+18,,1083.0,1.0,,2024-02-03T19:27:06+00:00,,,"{'_': 'MessageReactions', 'results': [{'_': 'ReactionCount', 'reaction': {'_': 'ReactionEmoji', 'emoticon': 'â¤'}, 'count': 3, 'chosen_order': None}, {'_': 'ReactionCount', 'reaction': {'_': 'ReactionEmoji', 'emoticon': 'ğŸ‘Œ'}, 'count': 2, 'chosen_order': None}], 'min': False, 'can_see_list': False, 'reactions_as_tags': False, 'recent_reactions': []}",[],
usnhub,https://t.me/usnhub,2931,2024-03-14 02:36:48,@rekening @kasbon @ringgits,False,False,False,False,True,False,False,True,False,False,1762746795,,,,2928.0,False,False,,,63.0,0.0,"{'_': 'MessageReplies', 'replies': 0, 'replies_pts': 17575, 'comments': True, 'recent_repliers': [], 'channel_id': 1906509669, 'max_id': None, 'read_max_id': None}",2024-03-14T02:36:51+00:00,,,,[],
akgoogleads,https://t.me/akgoogleads,1577,2024-01-07 11:01:14,"10000$ Google ads invoice account available 
Price only 550$ 

 Note - invoice account never suspended 

Only interested people ping me 
@adwordseller",False,False,False,False,True,False,False,True,False,False,1303629620,,,,,,,6.113778713863765e+18,,903.0,0.0,,2024-01-08T07:50:15+00:00,Adwordseller ğŸ”µ,,,[],
mail_access_private,https://t.me/mail_access_private,396,2024-01-31 20:29:50,"Price Private Channel :
<DATE_TIME>$
<DATE_TIME>$
@sasss_ka",False,False,False,False,True,False,False,True,False,False,1994848622,,,,,,,,,1064.0,12.0,,2024-02-01T10:36:25+00:00,,,"{'_': 'MessageReactions', 'results': [{'_': 'ReactionCount', 'reaction': {'_': 'ReactionEmoji', 'emoticon': 'â¤'}, 'count': 6, 'chosen_order': None}, {'_': 'ReactionCount', 'reaction': {'_': 'ReactionEmoji', 'emoticon': 'ğŸ†'}, 'count': 1, 'chosen_order': None}], 'min': False, 'can_see_list': False, 'reactions_as_tags': False, 'recent_reactions': []}",[],
adsbinfree,https://t.me/adsbinfree,932,2024-03-24 19:53:31,new student success,False,False,False,False,True,False,False,True,False,False,1621110337,,,,,,,6.055110834989941e+18,,99.0,0.0,,2024-03-24T19:54:22+00:00,,,"{'_': 'MessageReactions', 'results': [{'_': 'ReactionCount', 'reaction': {'_': 'ReactionEmoji', 'emoticon': 'â¤'}, 'count': 2, 'chosen_order': None}, {'_': 'ReactionCount', 'reaction': {'_': 'ReactionEmoji', 'emoticon': 'ğŸ¥°'}, 'count': 1, 'chosen_order': None}], 'min': False, 'can_see_list': False, 'reactions_as_tags': False, 'recent_reactions': []}",[],
